{
  "Database": {
    "HOST": "127.0.0.1",
    "USER_NAME": "root",
    "PASSWORD": "",
    "DB_NAME": "mydatabase"
  },
  "SecureAccess": {
    "whitelistDomains": [],
    "enable": false
  },
  "App": {
    "PORT": 8080,
    "WEB_HOST": "http://localhost:8080/",
    "tokenExpiresTime": "2h",
    "secret": "i-love-image-portal",
    "Link": "",
    "Login_Link":"",
    "SECRET": "IP-TEST",
    "Token_ExpiresTime": "2h"
  },
  "BOT": {
    "Token": ""
  },
  "AWS": {
    "AccessKey": "",
    "SecretKey": "",
    "Region": "",
    "Bucket": ""
  },
  "SMTP": {
    "From": "",
    "FromEmail": "",
    "Host": "",
    "Service": "",
    "User": "",
    "Password": ""
  }
}